date,revenue,purchases,customers,views,lag_1,lag_7,lag_30,rolling_7,rolling_30,day_of_week,month,quarter,target
2018-01-11,12202.78,2217,62,9576,11582.34,959.61,14370.36,7475.035714285715,8031.597999999999,3,1,1,181491.505
2018-01-12,2081.59,658,41,4519,12202.78,3360.16,13300.9,7292.382857142856,7657.620999999999,4,1,1,187320.21499999997
2018-01-14,3355.52,1080,35,5607,2081.59,4955.78,13233.89,7063.774285714286,7328.342000000001,6,1,1,187300.206
2018-01-15,8874.08,1897,33,6095,3355.52,2051.45,9591.13,8038.435714285714,7304.440333333333,0,1,1,182152.06599999996
2018-01-16,7783.661,1833,44,8864,8874.08,14428.55,1443.26,7089.165857142857,7515.787033333332,1,1,1,178553.75499999998
2018-01-17,6981.04,1205,60,5126,7783.661,3744.19,6351.95,7551.573000000001,7536.7567,2,1,1,176744.80599999998
2018-01-18,3832.36,1219,53,7274,6981.04,11582.34,13081.58,6444.433,7228.449366666667,3,1,1,178116.796
2018-01-19,9406.62,1516,40,8352,3832.36,12202.78,9438.21,6044.981571428571,7227.396366666667,4,1,1,176253.407
2018-01-21,3919.6,1232,48,5835,9406.62,2081.59,11225.14,6307.554428571429,6983.878366666666,6,1,1,176200.33700000003
2018-01-22,6985.36,1688,45,7668,3919.6,3355.52,10874.49,6826.103,6854.240699999999,0,1,1,173663.427
2018-01-23,15402.23,1569,99,7983,6985.36,8874.08,4827.07,7758.695857142857,7206.746033333333,1,1,1,165136.66700000002
2018-01-24,6361.5,1549,57,7627,15402.23,7783.661,4913.41,7555.53,7255.015700000001,2,1,1,164935.227
2018-01-25,3762.24,1246,57,7811,6361.5,6981.04,19796.76,7095.701428571428,6720.5317000000005,3,1,1,168739.057
2018-01-26,23953.341,1204,51,6177,3762.24,3832.36,9965.48,9970.127285714287,7186.793733333333,4,1,1,149811.326
2018-01-28,3879.48,1372,48,7441,23953.341,9406.62,15810.46,9180.535857142857,6789.0944,6,1,1,152008.256
2018-01-29,7386.311,1385,51,6319,3879.48,3919.6,7593.37,9675.780285714285,6782.192433333333,0,1,1,154307.075
2018-01-30,4535.34,1149,41,7070,7386.311,6985.36,10931.06,9325.77742857143,6569.001766666667,1,1,1,156503.01499999998
2018-01-31,5941.701,1539,45,7213,4535.34,15402.23,1935.05,7974.2732857142855,6702.5568,2,1,1,156902.624
2018-02-01,4711.68,1563,52,8175,5941.701,6361.5,2801.69,7738.584714285715,6766.223133333334,3,2,1,157557.504
2018-02-02,4312.59,1067,53,5496,4711.68,3762.24,13343.95,7817.206142857142,6465.1778,4,2,1,156986.504
2018-02-04,2266.32,826,29,3779,4312.59,23953.341,2259.06,4719.060285714286,6465.419800000001,6,2,1,156473.51399999997
2018-02-05,6819.9,1366,47,6603,2266.32,3879.48,1931.95,5139.120285714286,6628.351466666666,0,2,1,157198.62499999997
2018-02-06,3590.02,1049,52,6916,6819.9,7386.311,3013.22,4596.793,6647.5781333333325,1,2,1,158742.47499999998
2018-02-07,4086.49,872,26,2952,3590.02,4535.34,959.61,4532.671571428572,6751.807466666667,2,2,1,158881.13499999998
2018-02-08,2882.61,865,50,4770,4086.49,5941.701,3360.16,4095.6585714285716,6735.889133333333,3,2,1,162408.05499999996
2018-02-09,3001.02,820,31,4144,2882.61,4711.68,4955.78,3851.2785714285715,6670.730466666666,4,2,1,208288.865
2018-02-11,3463.02,1160,41,6430,3001.02,4312.59,2051.45,3729.9114285714286,6717.7828,6,2,1,208725.16499999998
2018-02-12,5631.921,889,37,6945,3463.02,2266.32,14428.55,4210.711571428571,6424.561833333334,0,2,1,209558.834
2018-02-13,7989.73,1938,57,9153,5631.921,6819.9,3744.19,4377.830142857143,6566.079833333333,1,2,1,254008.92400000003
2018-02-14,3320.71,1044,47,6879,7989.73,3590.02,11582.34,4339.357285714285,6290.692166666667,2,2,1,259876.984
2018-02-15,4973.52,1361,77,8358,3320.71,4086.49,12202.78,4466.075857142858,6049.716833333334,3,2,1,274007.73400000005
2018-02-16,7910.3,1625,33,5483,4973.52,2882.61,2081.59,5184.317285714286,6244.007166666666,4,2,1,271422.754
2018-02-18,3335.511,969,50,4323,7910.3,3001.02,3355.52,5232.1017142857145,6243.3402,6,2,1,272725.293
2018-02-19,3725.94,1152,45,8318,3335.511,3463.02,8874.08,5269.661714285714,6071.7355333333335,0,2,1,277588.503
2018-02-20,4185.35,1205,46,6564,3725.94,5631.921,7783.661,5063.008714285715,5951.791833333334,1,2,1,280843.943
2018-02-21,5172.091,1383,51,6942,4185.35,7989.73,6981.04,4660.488857142857,5891.493533333333,2,2,1,283479.29199999996
2018-02-22,5204.35,1552,69,9488,5172.091,3320.71,3832.36,4929.580285714285,5937.226533333333,3,2,1,284945.61199999996
2018-02-23,7543.231,1026,31,4692,5204.35,4973.52,9406.62,5296.681857142858,5875.113566666666,4,2,1,281217.191
2018-02-25,3866.53,1258,50,5524,7543.231,7910.3,3919.6,4719.000428571429,5873.344566666668,6,2,1,282224.93100000004
2018-02-26,4448.45,1221,51,7019,3866.53,3335.511,6985.36,4877.991714285715,5788.7809,0,2,1,284996.59099999996
2018-02-27,6875.47,1609,75,7548,4448.45,3725.94,15402.23,5327.924571428572,5504.555566666666,1,2,1,281602.49100000004
2018-02-28,6160.06,1739,60,10360,6875.47,4185.35,6361.5,5610.026,5497.840899999999,2,2,1,278530.441
2018-03-01,7566.07,1925,76,11663,6160.06,5172.091,3762.24,5952.023,5624.635233333333,3,3,1,274423.992
2018-03-02,5025.61,1255,55,6409,7566.07,5204.35,23953.341,5926.488714285714,4993.710866666666,4,3,1,273629.05199999997
2018-03-04,6076.41,1751,49,8343,5025.61,7543.231,3879.48,5716.942857142858,5066.941866666666,6,3,1,270956.282
2018-03-05,9685.13,1970,73,8908,6076.41,3866.53,7386.311,6548.171428571428,5143.569166666667,0,3,1,285498.64200000005
2018-03-06,6731.28,1250,64,7071,9685.13,4448.45,4535.34,6874.29,5216.7671666666665,1,3,1,281295.1220000001
2018-03-07,6341.31,1591,58,8519,6731.28,6875.47,5941.701,6797.981428571428,5230.087466666666,2,3,1,280479.87200000003
2018-03-08,5366.56,1305,40,6628,6341.31,6160.06,4711.68,6684.624285714286,5251.9168,3,3,1,290744.102
2018-03-09,3741.59,930,33,5335,5366.56,7566.07,4312.59,6138.2699999999995,5232.883466666666,4,3,1,300873.782
2018-03-11,1753.33,650,22,2937,3741.59,5025.61,2266.32,5670.801428571429,5215.7838,6,3,1,307462.822
2018-03-12,7545.011,1675,46,7001,1753.33,6076.41,6819.9,5880.60157142857,5239.954166666666,0,3,1,317016.41099999996
2018-03-13,5133.87,1373,79,7186,7545.011,9685.13,3590.02,5230.421571428572,5291.4158333333335,1,3,1,317743.121
2018-03-14,4225.15,1280,43,7847,5133.87,6731.28,4086.49,4872.403,5296.037833333333,2,3,1,317838.58099999995
2018-03-15,6409.53,1570,74,9798,4225.15,6341.31,2882.61,4882.148714285714,5413.601833333333,3,3,1,320413.991
2018-03-16,48881.83,1392,58,7171,6409.53,5366.56,3001.02,11098.615857142857,6942.962166666667,4,3,1,277132.58099999995
2018-03-18,3899.32,1349,52,6804,48881.83,3741.59,3463.02,11121.148714285717,6957.5055,6,3,1,279058.40099999995
2018-03-19,6465.59,1529,72,8309,3899.32,1753.33,5631.921,11794.328714285715,6985.294466666667,0,3,1,227502.862
2018-03-20,52439.82,1293,64,6511,6465.59,7545.011,7989.73,18207.87285714286,8466.964133333333,1,3,1,181588.61200000002
2018-03-21,9188.77,1573,86,8847,52439.82,5133.87,3320.71,18787.144285714283,8662.566133333334,2,3,1,175013.06200000003
2018-03-22,19104.27,1855,75,10032,9188.77,4225.15,4973.52,20912.73285714286,9133.591133333333,3,3,1,163757.70200000005
2018-03-23,5325.32,1385,58,7706,19104.27,6409.53,7910.3,20757.84571428571,9047.425133333334,4,3,1,165594.742
2018-03-25,4638.05,1795,56,9291,5325.32,48881.83,3335.511,14437.305714285714,9090.8431,6,3,1,170642.11200000002
2018-03-26,8589.15,1968,45,9504,4638.05,3899.32,3725.94,15107.281428571427,9252.9501,0,3,1,166221.492
2018-03-27,7440.79,1887,82,10011,8589.15,6465.59,4185.35,15246.595714285713,9361.464766666666,1,3,1,163826.08200000002
2018-03-28,7807.44,1875,68,8936,7440.79,52439.82,5172.091,8870.541428571429,9449.309733333333,2,3,1,164625.37200000003
2018-03-29,6670.67,1706,75,9478,7807.44,9188.77,5204.35,8510.812857142857,9498.187066666665,3,3,1,164352.51200000002
2018-04-03,3814.81,1081,48,5592,6670.67,19104.27,7543.231,6326.604285714287,9373.906366666666,1,4,2,165096.21200000003
2018-04-04,4874.2699999999995,1374,49,7800,3814.81,5325.32,3866.53,6262.168571428571,9407.4977,2,4,2,165723.882
2018-04-05,7220.11,2006,72,11084,4874.2699999999995,4638.05,4448.45,6631.034285714285,9499.886366666666,3,4,2,162352.46200000003
2018-04-06,3481.37,915,37,5412,7220.11,8589.15,6875.47,5901.351428571427,9386.749699999998,4,4,2,163392.26200000002
2018-04-08,3088.01,1077,41,6216,3481.37,7440.79,6160.06,5279.5257142857145,9284.348033333334,6,4,2,165577.59200000003
2018-04-09,3459.621,991,68,6643,3088.01,7807.44,7566.07,4658.408714285714,9147.466400000001,0,4,2,168165.151
2018-04-10,4230.67,1299,69,6700,3459.621,6670.67,5025.61,4309.837285714285,9120.968400000002,1,4,2,168459.00100000002
2018-04-11,3403.64,1107,51,7574,4230.67,3814.81,6076.41,4251.098714285714,9031.876066666668,2,4,2,171640.661
2018-04-12,24227.49,1153,63,7503,3403.64,4874.2699999999995,9685.13,7015.844428571429,9516.6214,3,4,2,153581.97099999996
2018-04-13,2527.7599999999998,858,39,5806,24227.49,7220.11,6731.28,6345.508714285715,9376.504066666666,4,4,2,155606.67099999997
2018-04-15,5526.06,1434,44,6594,2527.7599999999998,3481.37,6341.31,6637.607285714286,9349.329066666665,6,4,2,155676.29099999997
2018-04-16,15630.789999999999,3123,48,11885,5526.06,3088.01,5366.56,8429.433,9691.470066666665,0,4,2,145397.07100000003
2018-04-17,13871.27,1516,59,7961,15630.789999999999,3459.621,3741.59,9916.81142857143,10029.126066666668,1,4,2,145062.23100000003
2018-04-18,8342.37,1312,54,8132,13871.27,4230.67,1753.33,10504.197142857143,10248.760733333333,2,4,2,142935.91100000002
2018-04-19,17098.6,1545,112,9953,8342.37,3403.64,7545.011,12460.619999999999,10567.2137,3,4,2,131397.78100000002
2018-04-20,5860.58,1138,47,6582,17098.6,24227.49,5133.87,9836.775714285714,10591.437366666667,4,4,2,127874.57100000001
2018-04-22,4320.61,1308,44,6150,5860.58,2527.7599999999998,4225.15,10092.897142857142,10594.619366666668,6,4,2,127750.47099999999
2018-04-23,8984.94,1937,69,9331,4320.61,5526.06,6409.53,10587.022857142858,10680.466366666667,0,4,2,122352.12099999998
2018-04-24,5600.42,1679,77,11157,8984.94,15630.789999999999,48881.83,9154.112857142858,9237.752700000001,1,4,2,124302.77100000001
2018-04-25,5825.14,1766,65,11262,5600.42,13871.27,3899.32,8004.665714285715,9301.9467,2,4,2,125949.401
2018-04-26,-45089.949,2038,78,11334,5825.14,8342.37,6465.59,371.47728571428576,7583.428733333334,3,4,2,177939.05000000002
2018-04-27,6525.57,1293,62,6596,-45089.949,17098.6,52439.82,-1138.9555714285711,6052.953733333334,4,4,2,180755.95
2018-04-29,2613.22,836,39,4594,6525.57,5860.58,9188.77,-1602.8641428571427,5833.768733333333,6,4,2,190840.34000000003
2018-05-01,7848.91,1454,70,7525,2613.22,4320.61,19104.27,-1098.8212857142858,5458.590066666668,1,5,2,187620.63999999998
2018-05-02,7162.36,1583,82,7883,7848.91,8984.94,5325.32,-1359.189857142857,5519.824733333333,2,5,2,184893.68
2018-05-03,9685.42,2115,89,13244,7162.36,5600.42,4638.05,-775.6184285714286,5688.0704000000005,3,5,2,190143.46000000002
2018-05-04,4168.53,1352,54,9525,9685.42,5825.14,8589.15,-1012.2770000000002,5540.7164,4,5,2,190654.13
2018-05-06,5045.38,1697,53,8466,4168.53,-45089.949,7440.79,6149.912857142857,5460.8694,6,5,2,191347.89
2018-05-07,8606.73,1694,86,9149,5045.38,6525.57,7807.44,6447.221428571429,5487.5124000000005,0,5,2,190253.00000000003
2018-05-08,6397.81,1769,62,10455,8606.73,2613.22,6670.67,6987.877142857143,5478.417066666666,1,5,2,190031.5
2018-05-09,4558.51,1306,55,7808,6397.81,7848.91,3814.81,6517.820000000001,5503.207066666667,2,5,2,259104.77000000005
2018-05-10,5501.94,1409,69,7737,4558.51,7162.36,4874.2699999999995,6280.617142857144,5524.129400000001,3,5,2,257658.04
2018-05-11,3848.69,945,78,4721,5501.94,9685.42,7220.11,5446.798571428572,5411.748733333333,4,5,2,255365.82
2018-05-13,4521.17,1490,38,5787,3848.69,4168.53,3481.37,5497.175714285715,5446.408733333333,6,5,2,256577.18999999997
2018-05-14,5273.34,1475,61,7735,4521.17,5045.38,3088.01,5529.7414285714285,5519.253066666666,0,5,2,255574.33000000002
2018-05-15,6047.18,1502,65,6861,5273.34,8606.73,3459.621,5164.09142857143,5605.505033333334,1,5,2,254073.60000000003
2018-05-16,4524.52,1226,61,6133,6047.18,6397.81,4230.67,4896.478571428573,5615.300033333333,2,5,2,259385.67000000004
2018-05-17,6585.3,1605,68,9251,4524.52,4558.51,3403.64,5186.020000000001,5721.355366666667,3,5,2,258418.50000000006
2018-05-18,6168.8,1355,56,6170,6585.3,5501.94,24227.49,5281.285714285715,5119.399033333333,4,5,2,256339.73
2018-05-20,4552.46,1305,41,7607,6168.8,3848.69,2527.7599999999998,5381.824285714288,5186.889033333334,6,5,2,258383.56000000003
2018-05-21,5595.68,1425,67,9953,4552.46,4521.17,5526.06,5535.325714285716,5189.2097,0,5,2,258964.18000000002
2018-05-22,5351.57,1468,66,8113,5595.68,5273.34,15630.789999999999,5546.50142857143,4846.569033333333,1,5,2,261103.34000000003
2018-05-23,13536.43,1833,73,9808,5351.57,6047.18,13871.27,6616.394285714287,4835.4077,2,5,2,253862.86000000002
2018-05-24,6216.05,2004,80,11094,13536.43,4524.52,8342.37,6858.041428571429,4764.530366666667,3,5,2,250974.75
2018-05-25,5560.47,1275,71,6843,6216.05,6585.3,17098.6,6711.637142857144,4379.926033333334,4,5,2,247586.30000000002
2018-05-27,2337.37,789,30,3490,5560.47,6168.8,5860.58,6164.290000000001,4262.4857,6,5,2,251742.25000000003
2018-05-29,4196.51,1210,36,5710,2337.37,4552.46,4320.61,6113.4400000000005,4258.349033333334,1,5,2,252148.55000000002
2018-05-30,3586.59,950,40,4336,4196.51,5595.68,8984.94,5826.427142857144,4078.4040333333332,2,5,2,258637.05000000002
2018-05-31,7551.07,1706,81,8746,3586.59,5351.57,5600.42,6140.641428571429,4143.425700000001,3,5,2,257463.06
2018-06-01,7471.7699999999995,1463,32,5295,7551.07,13536.43,5825.14,5274.261428571429,4198.313366666667,4,6,2,253916.98
2018-06-03,6899.7,2165,63,10198,7471.7699999999995,6216.05,-45089.949,5371.925714285715,5931.301666666666,6,6,2,249031.85
2018-06-04,9342.47,2587,85,12296,6899.7,5560.47,6525.57,5912.211428571429,6025.198333333333,0,6,2,245168.04
2018-06-05,12697.61,2060,66,9303,9342.47,2337.37,2613.22,7392.245714285715,6361.344666666667,1,6,2,237246.08000000002
2018-06-06,4629.21,1446,72,8994,12697.61,4196.51,7848.91,7454.06,6254.021333333333,2,6,2,239274.97999999995
2018-06-07,4435.4,1058,84,6308,4629.21,3586.59,7162.36,7575.318571428572,6163.122666666666,3,6,2,245280.1
2018-06-08,14935.2,1744,69,10034,4435.4,7551.07,9685.42,8630.194285714286,6338.115333333333,4,6,2,234788.55
2018-06-10,4679.2,1441,61,7252,14935.2,7471.7699999999995,4168.53,8231.255714285715,6355.1376666666665,6,6,2,233140.08
2018-06-11,5739.14,1626,61,8071,4679.2,6899.7,5045.38,8065.461428571429,6378.263,0,6,2,188673.45999999996
2018-06-12,7511.84,1562,50,9008,5739.14,9342.47,8606.73,7803.942857142858,6341.766666666666,1,6,2,185422.93
2018-06-13,6176.31,1824,74,10361,7511.84,12697.61,6397.81,6872.328571428573,6334.383333333333,2,6,2,185059.77
2018-06-14,73631.78,1775,73,9408,6176.31,4629.21,4558.51,16729.838571428572,8636.825666666668,3,6,2,118804.71
2018-06-15,4055.21,971,52,5480,73631.78,4435.4,5501.94,16675.525714285715,8588.601333333334,4,6,2,118256.17000000001
2018-06-17,1556.47,433,26,2128,4055.21,14935.2,3848.69,14764.278571428571,8512.194,6,6,2,120714.67000000001
2018-06-18,5732.54,1758,40,8352,1556.47,4679.2,4521.17,14914.755714285713,8552.573,0,6,2,122182.17
2018-06-19,4270.48,1003,38,5129,5732.54,5739.14,5273.34,14704.947142857141,8519.144333333334,1,6,2,121569.48999999999
2018-06-20,4546.45,1221,54,7184,4270.48,7511.84,6047.18,14281.319999999998,8469.12,2,6,2,121211.42000000001
2018-06-21,9836.59,1596,69,7852,4546.45,6176.31,4524.52,14804.217142857144,8646.189,3,6,2,126388.57
2018-06-22,5618.13,1216,38,5987,9836.59,73631.78,6585.3,5087.981428571429,8613.95,4,6,2,123977.49000000002
2018-06-24,4090.03,1255,52,5620,5618.13,4055.21,6168.8,5092.955714285715,8544.657666666668,6,6,2,122568.06000000003
2018-06-25,6596.29,1861,69,11096,4090.03,1556.47,4552.46,5812.93,8612.785333333333,0,6,2,122445.34000000003
2018-06-26,6176.3,1620,59,10089,6596.29,5732.54,5595.68,5876.324285714285,8632.139333333334,1,6,2,124466.49000000003
2018-06-27,7490.73,1928,112,10769,6176.3,4270.48,5351.57,6336.360000000001,8703.444666666666,2,6,2,123157.91000000002
2018-06-28,6295.95,1842,83,11443,7490.73,4546.45,13536.43,6586.288571428571,8462.095333333335,3,6,2,120555.55
2018-06-29,3327.94,1046,40,6350,6295.95,9836.59,6216.05,5656.481428571429,8365.825,4,6,2,119182.51
2018-07-01,2172.02,649,20,2597,3327.94,5618.13,5560.47,5164.179999999999,8252.876666666667,6,7,3,119478.13
2018-07-02,6493.32,1935,84,11291,2172.02,4090.03,2337.37,5507.507142857142,8391.408333333333,0,7,3,115701.49999999999
2018-07-03,4602.81,1105,52,5988,6493.32,6596.29,4196.51,5222.7242857142855,8404.951666666666,1,7,3,118930.25999999998
2018-07-04,10075.09,1742,58,8740,4602.81,6176.3,3586.59,5779.694285714286,8621.234999999999,2,7,3,118256.92000000001
2018-07-05,6377.08,1333,65,7965,10075.09,7490.73,7551.07,5620.601428571429,8582.102,3,7,3,120115.44
2018-07-06,3925.69,914,33,4607,6377.08,6295.95,7471.7699999999995,5281.992857142856,8463.899333333333,4,7,3,122196.2
2018-07-08,2014.57,695,24,2507,3925.69,3327.94,6899.7,5094.368571428572,8301.061666666666,6,7,3,123405.29999999999
2018-07-09,5478.66,1202,41,5770,2014.57,2172.02,9342.47,5566.745714285715,8172.268,0,7,3,121977.74000000002
2018-07-10,4775.65,1145,41,5468,5478.66,6493.32,12697.61,5321.364285714286,7908.202666666667,1,7,3,120412.00000000001
2018-07-11,6658.11,1415,84,7427,4775.65,4602.81,4629.21,5614.978571428571,7975.832666666667,2,7,3,119042.23000000001
2018-07-12,10440.52,1561,64,9427,6658.11,10075.09,4435.4,5667.182857142857,8176.003333333333,3,7,3,114282.9
2018-07-13,4443.65,1222,82,7614,10440.52,6377.08,14935.2,5390.978571428571,7826.285000000001,4,7,3,114564.66000000002
2018-07-15,3030.73,892,37,4905,4443.65,3925.69,4679.2,5263.127142857143,7771.335999999999,6,7,3,115511.00000000001
2018-07-16,-38727.479999999996,1440,59,8896,3030.73,2014.57,5739.14,-557.1657142857138,6289.115333333334,0,7,3,157809.33000000002
2018-07-17,4261.31,1167,52,7098,-38727.479999999996,5478.66,7511.84,-731.0728571428568,6180.764333333334,1,7,3,157262.45
2018-07-18,5813.15,1277,67,7280,4261.31,4775.65,6176.31,-582.8585714285709,6168.659000000001,2,7,3,157842.67
2018-07-19,7376.72,1603,66,7578,5813.15,6658.11,73631.78,-480.19999999999953,3960.157,3,7,3,157785.87999999998
2018-07-20,3506.67,1043,42,6360,7376.72,10440.52,4055.21,-1470.7499999999998,3941.8723333333332,4,7,3,181037.31
2018-07-22,4014.97,1243,52,7139,3506.67,4443.65,1556.47,-1531.9899999999998,4023.822333333334,6,7,3,179299.38999999998
2018-07-23,7200.04,1529,57,8830,4014.97,3030.73,5732.54,-936.3742857142853,4072.7390000000005,0,7,3,182792.64999999997
2018-07-24,3657.8,1034,61,6562,7200.04,-38727.479999999996,4270.48,5118.665714285715,4052.3163333333337,1,7,3,183359.34999999998
2018-07-25,4188.38,1330,75,8520,3657.8,4261.31,4546.45,5108.2471428571425,4040.380666666667,2,7,3,187039.23999999996
2018-07-26,15013.74,1877,80,8671,4188.38,5813.15,9836.59,6422.617142857142,4212.952333333334,3,7,3,176125.76999999996
2018-07-27,3207.05,756,51,4623,15013.74,7376.72,5618.13,5826.95,4132.5830000000005,4,7,3,175168.48999999996
2018-07-29,2680.6,873,30,4075,3207.05,3506.67,4090.03,5708.9400000000005,4085.6020000000003,6,7,3,178982.35999999996
2018-07-30,6473.57,1190,50,7038,2680.6,4014.97,6596.29,6060.168571428571,4081.5113333333334,0,7,3,176454.44999999998
2018-07-31,8197.45,1534,61,7336,6473.57,7200.04,6176.3,6202.655714285714,4148.883,1,7,3,172124.56999999998
2018-08-01,6182.15,1392,55,7858,8197.45,3657.8,7490.73,6563.277142857142,4105.263666666667,2,8,3,173274.00999999998
2018-08-02,3693.59,1335,57,7927,6182.15,4188.38,6295.95,6492.592857142858,4018.5183333333334,3,8,3,173413.00999999998
2018-08-03,1954.9,578,42,4430,3693.59,15013.74,3327.94,4627.044285714286,3972.750333333334,4,8,3,175182.51
2018-08-05,2467.64,882,41,4593,1954.9,3207.05,2172.02,4521.414285714285,3982.6043333333337,6,8,3,180634.53
2018-08-06,2716.69,926,49,6506,2467.64,2680.6,6493.32,4526.570000000001,3856.716666666667,0,8,3,182076.36
2018-08-07,7831.57,1761,38,7376,2716.69,6473.57,4602.81,4720.57,3964.342,1,8,3,178588.55999999994
2018-08-08,9401.75,1016,39,4844,7831.57,8197.45,10075.09,4892.612857142857,3941.8973333333333,2,8,3,200356.92099999997
2018-08-09,8235.6,1832,83,9820,9401.75,6182.15,6377.08,5185.962857142857,4003.848,3,8,3,196767.31099999996
2018-08-10,6006.45,1513,45,8227,8235.6,3693.59,3925.69,5516.371428571429,4073.206666666667,4,8,3,195707.58099999998
2018-08-12,3223.67,1046,52,6460,6006.45,1954.9,2014.57,5697.624285714286,4113.51,6,8,3,202007.19099999996
2018-08-13,4051.1,1041,38,6203,3223.67,2467.64,5478.66,5923.832857142857,4065.924666666667,0,8,3,205500.011
2018-08-14,3209.91,977,57,6937,4051.1,2716.69,4775.65,5994.2928571428565,4013.733333333333,1,8,3,207902.18099999998
2018-08-15,5288.34,1608,48,8950,3209.91,7831.57,6658.11,5630.9742857142855,3968.0743333333335,2,8,3,208435.52099999998
2018-08-16,5681.19,1528,62,8834,5288.34,9401.75,10440.52,5099.465714285713,3809.43,3,8,3,212404.801
2018-08-17,4725.41,1294,52,7972,5681.19,8235.6,4443.65,4598.01,3818.822,4,8,3,211895.921
2018-08-19,3977.07,1363,53,8654,4725.41,6006.45,3030.73,4308.098571428572,3850.3666666666672,6,8,3,247591.361
2018-08-20,3570.85,1183,46,7931,3977.07,3223.67,-38727.479999999996,4357.6957142857145,5260.311000000001,0,8,3,254574.14099999997
2018-08-21,3714.43,1159,62,7936,3570.85,4051.1,4261.31,4309.599999999999,5242.081666666667,1,8,3,258661.891
2018-08-22,6393.37,1636,72,10010,3714.43,3209.91,5813.15,4764.379999999999,5261.422333333333,2,8,3,269633.101
2018-08-23,7319.93,1667,71,9864,6393.37,5288.34,7376.72,5054.607142857143,5259.529333333334,3,8,3,269918.05100000004
2018-08-24,26758.1,1036,29,5182,7319.93,5681.19,3506.67,8065.594285714285,6034.577,4,8,3,250250.71100000004
2018-08-26,2277.05,802,36,5019,26758.1,4725.41,4014.97,7715.828571428572,5976.646333333333,6,8,3,255370.51100000003
2018-08-28,10693.3,1774,53,8768,2277.05,3977.07,7200.04,8675.289999999999,6093.088333333333,1,8,3,312463.401
2018-08-29,4224.5,1045,72,5321,10693.3,3570.85,3657.8,8768.66857142857,6111.9783333333335,2,8,3,312575.211
2018-08-30,7868.27,1640,79,9976,4224.5,3714.43,4188.38,9362.074285714285,6234.641333333333,3,8,3,319164.71100000007
2018-08-31,4100.2699999999995,1059,60,5971,7868.27,6393.37,15013.74,9034.488571428572,5870.8589999999995,4,8,3,322541.88100000005
2018-09-02,2249.77,799,35,4575,4100.2699999999995,7319.93,3207.05,8310.179999999998,5838.949666666666,6,9,3,325572.93100000004
2018-09-03,6494.47,1584,45,7873,2249.77,26758.1,2680.6,5415.375714285714,5966.078666666666,0,9,3,326740.20100000006
2018-09-04,3945.66,1142,48,6772,6494.47,2277.05,6473.57,5653.748571428571,5881.8150000000005,1,9,3,331136.511
2018-09-05,3867.57,1090,46,6642,3945.66,10693.3,8197.45,4678.644285714286,5737.485666666666,2,9,3,342762.961
2018-09-06,7331.59,1635,74,9556,3867.57,4224.5,6182.15,5122.5142857142855,5775.800333333334,3,9,3,342576.611
2018-09-07,3832.59,1021,41,5907,7331.59,7868.27,3693.59,4545.988571428571,5780.433666666667,4,9,3,367678.151
2018-09-09,3724.4,1274,46,6377,3832.59,4100.2699999999995,1954.9,4492.292857142857,5839.417,6,9,3,371399.1109999999
2018-09-10,7919.66,1983,69,9702,3724.4,2249.77,2467.64,5302.277142857143,6021.151,0,9,3,375018.3709999999
2018-09-11,4158.5199999999995,1280,58,7572,7919.66,6494.47,2716.69,4968.57,6069.2119999999995,1,9,3,379753.89099999995
2018-09-12,4343.77,1406,61,9413,4158.5199999999995,3945.66,7831.57,5025.442857142857,5952.951999999999,2,9,3,345946.9309999999
2018-09-13,31170.111,1659,73,9786,4343.77,3867.57,9401.75,8925.805857142857,6678.564033333332,3,9,3,323353.74999999994
2018-09-14,4645.99,1152,62,6826,31170.111,7331.59,8235.6,8542.148714285715,6558.910366666667,4,9,3,330018.32999999996
2018-09-16,4946.72,1935,54,9054,4645.99,3832.59,6006.45,8701.310142857143,6523.586033333334,6,9,3,331932.2
2018-09-17,9523.28,1824,64,10775,4946.72,3724.4,3223.67,9529.721571428572,6733.573033333333,0,9,3,328440.7
2018-09-18,7543.92,2451,104,16888,9523.28,7919.66,4051.1,9476.04442857143,6850.000366666666,1,9,3,328987.80000000005
2018-09-19,5612.08,1481,41,8968,7543.92,4158.5199999999995,3209.91,9683.695857142859,6930.072700000001,2,9,3,329669.4900000001
2018-09-20,5821.68,1987,74,13371,5612.08,4343.77,5288.34,9894.825857142858,6947.8507,3,9,3,338946.2200000001
2018-09-21,9650.47,1559,49,9829,5821.68,31170.111,5681.19,6820.591428571429,7080.160033333334,4,9,3,336212.09000000014
2018-09-23,4216.53,1443,59,8382,9650.47,4645.99,4725.41,6759.24,7063.197366666666,6,9,3,339324.69000000006
2018-09-24,39672.51,2304,73,15317,4216.53,4946.72,3977.07,11720.067142857142,8253.045366666667,0,9,3,312102.93000000005
2018-09-25,10553.63,2836,122,16448,39672.51,9523.28,3570.85,11867.26,8485.8047,1,9,3,309961.99000000005
2018-09-26,7802.18,1908,89,12871,10553.63,7543.92,3714.43,11904.154285714287,8622.063033333334,2,9,3,309516.4600000001
2018-09-27,17364.579999999998,2126,91,14772,7802.18,5612.08,6393.37,13583.082857142857,8987.770033333334,3,9,3,305574.44
2018-09-28,7604.88,1742,68,9772,17364.579999999998,5821.68,7319.93,13837.825714285715,8997.268366666667,4,9,3,305663.97000000003
2018-09-30,7090.76,2210,70,12933,7604.88,9650.47,26758.1,13472.152857142859,8341.690366666668,6,9,3,305997.18
2018-10-01,7396.85,2112,80,13647,7090.76,4216.53,2277.05,13926.484285714288,8512.350366666667,0,10,4,321967.97099999996
2018-10-02,67786.19,2758,142,18267,7396.85,39672.51,10693.3,17942.72428571429,10415.4467,1,10,4,266115.751
2018-10-03,4336.31,1289,62,9901,67786.19,10553.63,4224.5,17054.535714285714,10419.173700000001,2,10,4,274448.251
2018-10-04,14457.77,3611,116,18500,4336.31,7802.18,7868.27,18005.33428571429,10638.8237,3,10,4,272452.241
2018-10-05,7477.44,2014,74,11962,14457.77,17364.579999999998,4100.2699999999995,16592.885714285716,10751.396033333333,4,10,4,277593.84099999996
2018-10-07,5280.82,1709,59,8901,7477.44,7604.88,2249.77,16260.877142857144,10852.431033333332,6,10,4,280449.591
2018-10-08,7661.74,2481,94,14341,5280.82,7090.76,6494.47,16342.445714285715,10891.340033333334,0,10,4,286917.69100000005
2018-10-09,8341.97,2465,116,15135,7661.74,7396.85,3945.66,16477.46285714286,11037.8837,1,10,4,290700.151
2018-10-10,15494.02,2165,84,13332,8341.97,67786.19,3867.57,9007.152857142857,11425.432033333334,2,10,4,285962.172
2018-10-11,7145.24,2050,90,14476,15494.02,4336.31,7331.59,9408.42857142857,11419.220366666668,3,10,4,289567.75200000004
2018-10-12,28934.13,2296,86,13301,7145.24,14457.77,3832.59,11476.48,12255.938366666667,4,10,4,270472.652
2018-10-14,7445.36,2670,63,12791,28934.13,7477.44,3724.4,11471.897142857142,12379.970366666668,6,10,4,271717.912
2018-10-15,11538.92,2814,117,12730,7445.36,5280.82,7919.66,12365.91142857143,12500.612366666666,0,10,4,272806.562
2018-10-16,8894.039999999999,2291,72,12291,11538.92,7661.74,4158.5199999999995,12541.954285714284,12658.463033333333,1,10,4,277791.502
2018-10-17,-29463.190000000002,2449,93,13245,8894.039999999999,8341.97,4343.77,7141.217142857143,11531.564366666667,2,10,4,321250.962
2018-10-18,8576.93,2142,90,12131,-29463.190000000002,15494.02,31170.111,6153.061428571428,10778.458333333334,3,10,4,324340.87200000003
2018-10-19,11310.57,2228,95,10966,8576.93,7145.24,4645.99,6748.108571428572,11000.611,4,10,4,323247.362
2018-10-21,6860.59,2319,74,11165,11310.57,28934.13,4946.72,3594.745714285714,11064.406666666668,6,10,4,323943.902
2018-10-22,6031.78,1915,78,9933,6860.59,7445.36,9523.28,3392.8057142857137,10948.023333333334,0,10,4,334248.40200000006
2018-10-23,8091.02,2511,109,14937,6031.78,11538.92,7543.92,2900.2485714285713,10966.26,1,10,4,333975.5920000001
2018-10-24,6293.7699999999995,1823,68,10342,8091.02,8894.039999999999,5612.08,2528.781428571429,10988.983,2,10,4,341075.0420000001
2018-10-25,15098.41,1639,64,8324,6293.7699999999995,-29463.190000000002,5821.68,8894.724285714286,11298.207333333332,3,10,4,333342.512
2018-10-26,6916.34,1940,65,11838,15098.41,8576.93,9650.47,8657.497142857143,11207.069666666668,4,10,4,338019.0620000001
2018-10-28,7329.13,2620,79,11943,6916.34,11310.57,4216.53,8088.72,11310.823,6,10,4,338763.2020000001
2018-10-29,12450.75,2214,55,9708,7329.13,6860.59,39672.51,8887.314285714285,10403.431,0,10,4,344495.242
2018-10-30,8412.69,2345,106,12913,12450.75,6031.78,10553.63,9227.444285714286,10332.066333333332,1,10,4,462006.392
2018-10-31,7356.65,2069,88,11235,8412.69,8091.02,7802.18,9122.534285714286,10317.215333333334,2,10,4,465512.3520000001
2018-11-01,13422.56,3663,138,19152,7356.65,6293.7699999999995,17364.579999999998,10140.932857142858,10185.814666666667,3,11,4,467444.592
2018-11-02,7694.41,2001,69,11337,13422.56,15098.41,7604.88,9083.218571428572,10188.798999999999,4,11,4,472505.92199999996
2018-11-04,7423.97,2725,75,13687,7694.41,6916.34,7090.76,9155.737142857144,10199.906,6,11,4,468862.202
2018-11-05,23367.641,2613,81,13607,7423.97,7329.13,7396.85,11446.953,10732.265699999998,0,11,4,457854.2409999999
2018-11-06,11933.97,2851,108,16522,23367.641,12450.75,67786.19,11373.127285714287,8870.525033333333,1,11,4,454103.661
2018-11-07,12668.81,3556,113,16960,11933.97,8412.69,4336.31,11981.144428571428,9148.275033333333,2,11,4,446224.11100000003
2018-11-08,12461.76,3272,137,16776,12668.81,7356.65,14457.77,12710.445857142857,9081.741366666665,3,11,4,439676.2510000001
2018-11-09,12619.04,3047,87,13736,12461.76,13422.56,7477.44,12595.657285714287,9253.128033333334,4,11,4,445168.9710000001
2018-11-11,8136.57,2778,76,11001,12619.04,7694.41,5280.82,12658.823,9348.3197,6,11,4,438595.27100000007
2018-11-12,14129.84,3702,86,16469,8136.57,7423.97,7661.74,13616.804428571428,9563.923033333333,0,11,4,432544.7210000001
2018-11-13,12124.43,3293,133,19011,14129.84,23367.641,8341.97,12010.631428571429,9690.005033333333,1,11,4,432809.031
2018-11-14,10756.041,2815,100,14683,12124.43,11933.97,15494.02,11842.355857142857,9532.072400000001,2,11,4,424015.43000000005
2018-11-15,10750.82,2872,100,13995,10756.041,12668.81,7145.24,11568.357285714284,9652.2584,3,11,4,417164.69
2018-11-16,9839.03,2543,120,13470,10750.82,12461.76,28934.13,11193.681571428573,9015.755066666667,4,11,4,411631.32999999996
2018-11-18,8690.62,3162,90,14048,9839.03,12619.04,7445.36,10632.478714285713,9057.263733333333,6,11,4,442157.1
2018-11-19,12627.57,3246,84,13739,8690.62,8136.57,11538.92,11274.050142857142,9093.552066666665,0,11,4,437468.04
2018-11-20,13878.98,3611,121,18181,12627.57,14129.84,8894.039999999999,11238.213,9259.716733333333,1,11,4,429460.91
2018-11-21,13996.27,3373,141,15043,13878.98,12124.43,-29463.190000000002,11505.618714285714,10708.3654,2,11,4,418891.88
2018-11-22,11666.84,3473,148,18816,13996.27,10756.041,8576.93,11635.732857142857,10811.362400000002,3,11,4,415042.92
2018-11-23,10217.06,2570,75,13110,11666.84,10750.82,11310.57,11559.481428571427,10774.912066666668,4,11,4,410035.70999999996
2018-11-25,7557.13,2496,83,9886,10217.06,9839.03,6860.59,11233.495714285715,10798.130066666667,6,11,4,410058.66
2018-11-26,16336.28,3923,91,18168,7557.13,8690.62,6031.78,12325.732857142857,11141.6134,0,11,4,399378.49999999994
2018-11-27,7818.21,2386,140,15081,16336.28,12627.57,8091.02,11638.68142857143,11132.519733333333,1,11,4,398103.04
2018-11-28,13393.22,3408,98,17705,7818.21,13878.98,6293.7699999999995,11569.287142857143,11369.168066666665,2,11,4,386426.62
2018-11-29,7365.88,2411,117,16818,13393.22,13996.27,15098.41,10622.08857142857,11111.417066666667,3,11,4,388795.83999999997
2018-11-30,11592.89,2429,55,12076,7365.88,11666.84,6916.34,10611.524285714288,11267.302066666665,4,11,4,383634.43999999994
2018-12-02,8073.27,2813,76,13153,11592.89,10217.06,7329.13,10305.268571428573,11292.106733333336,6,12,4,380275.07
2018-12-03,18182.79,4116,90,17539,8073.27,7557.13,12450.75,11823.220000000001,11483.174733333335,0,12,4,370228.58999999997
2018-12-04,125923.84,3218,70,14549,18182.79,16336.28,8412.69,27478.585714285717,15400.213066666667,1,12,4,251059.37999999998
2018-12-05,10862.61,2968,112,17549,125923.84,7818.21,7356.65,27913.5,15517.0784,2,12,4,242757.53
2018-12-06,15354.8,3174,122,15379,10862.61,13393.22,13422.56,28193.725714285716,15581.4864,3,12,4,234063.44
2018-12-07,12755.74,2733,54,11634,15354.8,7365.88,7694.41,28963.705714285716,15750.1974,4,12,4,227892.6
2018-12-09,3780.25,1395,42,5529,12755.74,11592.89,7423.97,27847.614285714284,15628.740066666667,6,12,4,229312.89999999997
2018-12-10,12359.68,2276,61,10711,3780.25,8073.27,23367.641,28459.95857142857,15261.808033333333,0,12,4,224444.32999999996
2018-12-11,8183.39,2063,104,11330,12359.68,18182.79,11933.97,27031.472857142857,15136.788700000001,1,12,4,220251.11999999994
2018-12-12,4789.26,1338,86,8497,8183.39,125923.84,12668.81,9726.532857142856,14874.137033333334,2,12,4,217745.73999999993
2018-12-13,5913.9,1772,117,12509,4789.26,10862.61,12461.76,9019.574285714285,14655.875033333334,3,12,4,218016.56999999998
2018-12-14,18111.76,3112,52,10237,5913.9,15354.8,12619.04,9413.425714285715,14838.965699999999,4,12,4,205455.86999999997
2018-12-16,1562.87,502,17,2477,18111.76,12755.74,8136.57,7814.444285714286,14619.842366666666,6,12,4,209825.23999999996
2018-12-17,8079.29,1761,59,7273,1562.87,3780.25,14129.84,8428.592857142856,14418.157366666668,0,12,4,205554.3
2018-12-18,12388.74,1584,31,5284,8079.29,12359.68,12124.43,8432.744285714285,14426.967700000001,1,12,4,199460.34000000003
2018-12-19,1962.44,290,17,1834,12388.74,8183.39,10756.041,7544.0371428571425,14133.847666666667,2,12,4,198287.11
2018-12-20,3900.08,962,23,4191,1962.44,4789.26,10750.82,7417.011428571428,13905.489666666666,3,12,4,199725.03
2019-01-01,4305.67,1175,38,5605,3900.08,5913.9,9839.03,7187.264285714286,13721.044333333333,1,1,1,201008.59999999998
2019-01-02,39216.39,1741,56,8456,4305.67,18111.76,8690.62,10202.21142857143,14738.57,2,1,1,166235.41
2019-01-03,7938.51,1829,66,10225,39216.39,1562.87,12627.57,11113.017142857145,14582.268,3,1,1,161727.46
2019-01-04,5871.85,1794,49,10141,7938.51,8079.29,13878.98,10797.66857142857,14315.363666666668,4,1,1,161435.94999999998
2019-01-06,3427.2400000000002,1092,48,5817,5871.85,12388.74,13996.27,9517.454285714286,13963.062666666667,6,1,1,159836.41999999998
2019-01-07,7817.88,1974,35,9050,3427.2400000000002,1962.44,11666.84,10353.945714285715,13834.764,0,1,1,156389.47999999998
2019-01-08,5209.85,1448,61,7912,7817.88,3900.08,10217.06,10541.055714285716,13667.856999999998,1,1,1,158551.67
2019-01-09,7580.08,1797,49,7736,5209.85,4305.67,7557.13,11008.828571428572,13668.622,2,1,1,154860.96
2019-01-10,5656.12,1443,47,6855,7580.08,39216.39,16336.28,6214.504285714286,13312.616666666667,3,1,1,157009.25
2019-01-11,6542.75,1507,46,8189,5656.12,7938.51,7818.21,6015.110000000001,13270.101333333332,4,1,1,153542.96
2019-01-13,1716.8,608,22,2465,6542.75,5871.85,13393.22,5421.531428571429,12880.887333333334,6,1,1,154452.13
2019-01-14,9735.1,2546,48,10399,1716.8,3427.2400000000002,7365.88,6322.654285714287,12959.861333333334,0,1,1,162276.8
2019-01-15,6431.49,1440,34,5160,9735.1,7817.88,11592.89,6124.598571428572,12787.814666666667,1,1,1,161398.3
2019-01-16,4713.9,1404,35,7390,6431.49,5209.85,8073.27,6053.748571428572,12675.835666666664,2,1,1,163872.34
2019-01-17,8136.31,1496,37,6823,4713.9,7580.08,18182.79,6133.210000000001,12340.953,3,1,1,160795.61
2019-01-18,6754.63,1592,51,7692,8136.31,5656.12,125923.84,6290.140000000001,8368.646,4,1,1,157548.37
2019-01-20,2560.76,861,27,3564,6754.63,6542.75,10862.61,5721.284285714288,8091.917666666666,6,1,1,157338.16999999998
2019-01-21,6660.71,1479,46,7415,2560.76,1716.8,15354.8,6427.557142857144,7802.114666666666,0,1,1,158612.81999999998
2019-01-22,6584.9,1634,71,9127,6660.71,9735.1,12755.74,5977.528571428573,7596.42,1,1,1,159280.88999999998
2019-01-23,5200.55,1275,57,6763,6584.9,6431.49,3780.25,5801.68,7643.763333333333,2,1,1,157526.55
2019-01-24,7491.11,1552,63,8839,5200.55,4713.9,12359.68,6198.424285714287,7481.477666666668,3,1,1,155681.58
2019-01-25,3990.18,1006,44,5697,7491.11,8136.31,8183.39,5606.120000000001,7341.704,4,1,1,154928.47999999998
2019-01-27,2283.88,706,22,2910,3990.18,6754.63,4789.26,4967.441428571429,7258.191333333333,6,1,1,155463.13999999998
2019-01-28,6184.73,1505,64,7324,2283.88,2560.76,5913.9,5485.151428571429,7267.219,0,1,1,160015.24999999997
2019-01-29,5551.06,1566,65,8342,6184.73,6660.71,18111.76,5326.63,6848.5289999999995,1,1,1,159777.06999999998
2019-01-30,5932.24,1391,59,6699,5551.06,6584.9,1562.87,5233.392857142858,6994.174666666667,2,1,1,158634.36000000002
2019-01-31,3808.35,984,48,5595,5932.24,5200.55,8079.29,5034.507142857144,6851.81,3,1,1,158547.96000000002
2019-02-01,6294.78,1224,42,6113,3808.35,7491.11,12388.74,4863.602857142859,6648.678,4,2,1,162727.62
2019-02-03,789.21,273,11,1197,6294.78,3990.18,1962.44,4406.321428571429,6609.570333333333,6,2,1,163290.84
2019-02-04,5338.0,1252,39,5770,789.21,2283.88,3900.08,4842.624285714287,6657.501,0,2,1,161745.76
2019-02-05,5589.24,1226,42,5489,5338.0,6184.73,4305.67,4757.554285714286,6700.286666666666,1,2,1,167283.50000000003
2019-02-06,4443.2,878,22,4140,5589.24,5551.06,39216.39,4599.288571428572,5541.180333333334,2,2,1,165993.11000000002
2019-02-07,3430.56,775,58,4650,4443.2,5932.24,7938.51,4241.9057142857155,5390.915333333333,3,2,1,171187.32
2019-02-08,5580.34,955,70,5081,3430.56,3808.35,5871.85,4495.047142857144,5381.198333333333,4,2,1,182614.11000000002
2019-02-10,1827.71,610,21,2121,5580.34,6294.78,3427.2400000000002,3856.8942857142865,5327.880666666666,6,2,1,185788.55
2019-02-11,4370.94,1105,46,6218,1827.71,789.21,7817.88,4368.570000000001,5212.982666666666,0,2,1,184339.41999999998
2019-02-12,7372.04,1326,48,7549,4370.94,5338.0,5209.85,4659.147142857144,5285.055666666667,1,2,1,187325.49999999997
2019-02-13,3889.37,1184,56,8079,7372.04,5589.24,7580.08,4416.308571428572,5162.032,2,2,1,188201.36999999997
2019-02-14,7804.41,1714,51,8486,3889.37,4443.2,5656.12,4896.48142857143,5233.641666666666,3,2,1,184918.83
2019-02-15,3076.46,848,49,5208,7804.41,3430.56,6542.75,4845.895714285715,5118.098666666667,4,2,1,187420.71999999997
2019-02-17,2625.97,828,26,3337,3076.46,5580.34,1716.8,4423.842857142858,5148.404333333334,6,2,1,186963.06999999998
2019-02-18,17559.77,1413,41,8102,2625.97,1827.71,9735.1,6671.280000000001,5409.226666666667,0,2,1,179094.57
2019-02-19,5552.99,1588,52,8606,17559.77,4370.94,6431.49,6840.144285714286,5379.943333333333,1,2,1,182639.72000000003
2019-02-20,7187.94,1577,53,8021,5552.99,7372.04,4713.9,6813.844285714286,5462.4113333333335,2,2,1,180557.69999999998
2019-02-21,5059.58,1289,57,8101,7187.94,3889.37,8136.31,6981.017142857144,5359.853666666666,3,2,1,184587.43000000002
2019-02-22,3507.39,977,44,7218,5059.58,7804.41,6754.63,6367.157142857143,5251.6123333333335,4,2,1,185715.32
2019-02-24,2350.56,786,31,3572,3507.39,3076.46,2560.76,6263.4571428571435,5244.605666666667,6,2,1,185108.2
2019-02-25,7935.36,1718,49,7277,2350.56,2625.97,6660.71,7021.941428571429,5287.093999999999,0,2,1,195951.39
2019-02-26,7252.97,1356,52,8000,7935.36,17559.77,6584.9,5549.54142857143,5309.362999999999,1,2,1,194916.42
2019-02-27,3446.21,930,58,6048,7252.97,5552.99,5200.55,5248.572857142858,5250.885,2,2,1,195231.41999999998
2019-02-28,5646.14,1386,62,7579,3446.21,7187.94,7491.11,5028.315714285715,5189.3859999999995,3,2,1,194253.19999999998
2019-03-01,3237.08,1097,38,6471,5646.14,5059.58,3990.18,4767.958571428572,5164.282666666667,4,3,1,199994.05
2019-03-03,2818.54,835,28,3363,3237.08,3507.39,2283.88,4669.55142857143,5182.104666666666,6,3,1,200271.78999999998
2019-03-04,10736.84,1960,74,7851,2818.54,2350.56,6184.73,5867.59142857143,5333.841666666665,0,3,1,193141.9
2019-03-05,5312.88,1590,43,8877,10736.84,7935.36,5551.06,5492.9514285714295,5325.9023333333325,1,3,1,191518.05
2019-03-06,4789.53,1269,51,7137,5312.88,7252.97,5932.24,5141.0314285714285,5287.812,2,3,1,189718.59999999998
2019-03-07,3721.95,1130,69,7184,4789.53,3446.21,3808.35,5180.422857142858,5284.932,3,3,1,191467.27
2019-03-08,10474.44,958,47,5860,3721.95,5646.14,6294.78,5870.180000000001,5424.254,4,3,1,189699.80099999998
2019-03-10,1352.43,525,16,1998,10474.44,3237.08,789.21,5600.944285714286,5443.028,6,3,1,191050.58099999998
2019-03-11,3792.92,1094,49,6119,1352.43,2818.54,5338.0,5740.141428571429,5391.525333333334,0,3,1,199564.94099999996
2019-03-12,11126.98,1286,45,6912,3792.92,10736.84,5589.24,5795.875714285715,5576.116666666667,1,3,1,195549.01099999994
2019-03-13,3152.81,867,49,5750,11126.98,5312.88,4443.2,5487.294285714287,5533.103666666666,2,3,1,195633.39099999997
2019-03-14,8624.77,2065,74,9426,3152.81,4789.53,3430.56,6035.185714285716,5706.244000000001,3,3,1,196532.31099999996
2019-03-15,17007.13,1359,51,7196,8624.77,3721.95,5580.34,7933.068571428573,6087.137,4,3,1,188030.93099999998
2019-03-17,5002.15,1430,57,7694,17007.13,10474.44,1827.71,7151.312857142858,6192.951666666667,6,3,1,187290.08099999998
2019-03-18,2921.81,1061,58,6716,5002.15,1352.43,4370.94,7375.510000000002,6144.647333333333,0,3,1,189067.911
2019-03-19,10358.12,2373,42,9829,2921.81,3792.92,7372.04,8313.395714285714,6244.183333333333,1,3,1,180001.50100000002
2019-03-20,4765.24,1303,58,7470,10358.12,11126.98,3889.37,7404.5757142857165,6273.379,2,3,1,203790.201
2019-03-21,4521.87,1522,69,9075,4765.24,3152.81,7804.41,7600.155714285715,6163.960999999999,3,3,1,202848.421
2019-03-22,5578.35,1375,51,6950,4521.87,8624.77,3076.46,7164.952857142858,6247.357333333333,4,3,1,203509.911
2019-03-24,2168.32,730,43,3159,5578.35,17007.13,2625.97,5045.122857142858,6232.102333333333,6,3,1,208614.23100000003
2019-03-25,9691.27,1664,53,8582,2168.32,5002.15,17559.77,5714.997142857144,5969.8189999999995,0,3,1,203135.21099999998
2019-03-26,9098.14,1983,51,11440,9691.27,2921.81,5552.99,6597.330000000001,6087.990666666667,1,3,1,202770.451
2019-03-27,5105.92,1567,75,9429,9098.14,10358.12,7187.94,5847.015714285715,6018.589999999999,2,3,1,213094.83099999998
2019-03-28,9089.31,1736,71,8879,5105.92,4765.24,5059.58,6464.740000000001,6152.914333333333,3,3,1,209956.871
2019-03-29,4635.28,1245,68,7461,9089.31,4521.87,3507.39,6480.94142857143,6190.510666666667,4,3,1,213841.221
2019-03-31,1743.44,711,18,2702,4635.28,5578.35,2350.56,5933.097142857144,6170.273333333333,6,3,1,217022.33099999998
2019-04-01,18778.55,1697,57,8163,1743.44,2168.32,7935.36,8305.987142857144,6531.713000000001,0,4,2,200508.24099999998
2019-04-02,6218.0,1212,54,7070,18778.55,9691.27,7252.97,7809.805714285715,6497.214000000001,1,4,2,215187.86099999998
2019-04-03,3761.21,1117,42,5843,6218.0,9098.14,3446.21,7047.387142857144,6507.713999999999,2,4,2,221526.40099999995
2019-04-04,4667.92,1508,65,7073,3761.21,5105.92,5646.14,6984.815714285715,6475.1066666666675,3,4,2,222124.90099999995
2019-04-05,8977.93,1436,72,8731,4667.92,9089.31,3237.08,6968.904285714288,6666.468333333333,4,4,2,220891.071
2019-04-07,3096.28,927,32,3967,8977.93,4635.28,2818.54,6749.0471428571445,6675.726333333334,6,4,2,221732.741
2019-04-08,3606.95,1253,60,8754,3096.28,1743.44,10736.84,7015.262857142859,6438.063333333334,0,4,2,222679.54100000003
2019-04-09,3689.03,1144,63,8336,3606.95,18778.55,5312.88,4859.617142857144,6383.935,1,4,2,231570.201
2019-04-10,2990.08,1040,64,7467,3689.03,6218.0,4789.53,4398.485714285715,6323.953333333334,2,4,2,235869.61100000003
2019-04-11,5470.62,1601,90,10977,2990.08,3761.21,3721.95,4642.687142857144,6382.242333333333,3,4,2,234945.571
2019-04-12,8706.971,1480,40,6915,5470.62,4667.92,10474.44,5219.694428571429,6323.3267000000005,4,4,2,230518.52999999997
2019-04-14,2703.21,939,39,5433,8706.971,8977.93,1352.43,4323.305857142858,6368.3527,6,4,2,232971.71
2019-04-15,12307.28,3191,67,10628,2703.21,3096.28,3792.92,5639.163000000001,6652.164699999999,0,4,2,222340.66999999998
2019-04-16,7111.05,1870,64,9112,12307.28,3606.95,11126.98,6139.748714285715,6518.300366666666,1,4,2,220283.88
2019-04-17,3237.19,1023,67,7675,7111.05,3689.03,3152.81,6075.200142857144,6521.113033333333,2,4,2,222877.89
2019-04-18,9523.69,1926,69,9684,3237.19,2990.08,8624.77,7008.573000000002,6551.077033333333,3,4,2,220412.96000000002
2019-04-23,8505.75,1895,62,9255,9523.69,5470.62,17007.13,7442.163000000001,6267.6977,1,4,2,215162.32
2019-04-24,4261.3,1301,64,7806,8505.75,8706.971,5002.15,6807.067142857145,6243.0027,2,4,2,215699.23
2019-04-25,4699.64,1187,60,7867,4261.3,2703.21,2921.81,7092.27142857143,6302.2636999999995,3,4,2,215716.64
2019-04-28,1291.71,450,18,2566,4699.64,12307.28,10358.12,5518.618571428573,6000.050033333333,6,4,2,221147.07
2019-04-30,28553.94,1440,62,7462,1291.71,7111.05,4765.24,8581.888571428573,6793.0067,1,4,2,203341.71999999997
2019-05-01,3580.09,1155,62,7835,28553.94,3237.19,4521.87,8630.874285714288,6761.614033333334,2,5,2,207424.68999999997
2019-05-02,6239.84,1834,93,10021,3580.09,9523.69,5578.35,8161.7528571428575,6783.663700000001,3,5,2,245655.96999999997
2019-05-03,7272.64,2049,69,10684,6239.84,8505.75,2168.32,7985.594285714286,6953.8077,4,5,2,241390.81
2019-05-05,4212.25,1452,58,7529,7272.64,4261.3,9691.27,7978.587142857144,6771.1737,6,5,2,243173.53
2019-05-06,8733.38,1764,63,9410,4212.25,4699.64,9098.14,8554.835714285715,6759.015033333333,0,5,2,240870.55
2019-05-07,15430.3,2574,74,11674,8733.38,1291.71,5105.92,10574.634285714286,7103.161033333334,1,5,2,232864.53
2019-05-08,5951.35,1694,66,10249,15430.3,28553.94,9089.31,7345.692857142858,6998.562366666667,2,5,2,232383.86
2019-05-09,8519.63,1954,84,12526,5951.35,3580.09,4635.28,8051.341428571431,7128.0407,3,5,2,226974.62000000002
2019-05-10,4924.55,1414,52,8641,8519.63,6239.84,1743.44,7863.442857142858,7234.0777,4,5,2,225485.12999999998
2019-05-12,2264.46,806,29,3549,4924.55,7272.64,18778.55,7147.988571428572,6683.608033333334,6,5,2,238347.87000000002
2019-05-13,20897.62,1609,54,9484,2264.46,4212.25,6218.0,9531.612857142858,7172.9287,0,5,2,224147.94000000003
2019-05-14,10099.75,1924,81,11027,20897.62,8733.38,3761.21,9726.808571428572,7384.213366666667,1,5,2,217636.55000000002
2019-05-15,5266.42,1347,66,8772,10099.75,15430.3,4667.92,8274.825714285715,7404.163366666666,2,5,2,218773.12
2019-05-16,7744.1,1938,96,11836,5266.42,5951.35,8977.93,8530.93285714286,7363.035699999999,3,5,2,226274.15999999997
2019-05-17,3937.95,1118,71,8050,7744.1,8519.63,3096.28,7876.407142857143,7391.0913666666665,4,5,2,224901.53000000003
2019-05-19,4553.75,1547,57,9354,3937.95,4924.55,3606.95,7823.435714285716,7422.651366666667,6,5,2,225001.61000000002
2019-05-20,12579.69,1633,74,8562,4553.75,2264.46,3689.03,9297.040000000003,7719.0067,0,5,2,217667.38
2019-05-21,7289.49,1749,76,8548,12579.69,20897.62,2990.08,7353.02142857143,7862.320366666667,1,5,2,215280.21000000002
2019-05-22,4546.58,1319,60,7272,7289.49,10099.75,5470.62,6559.71142857143,7831.519033333333,2,5,2,216210.96
2019-05-23,4279.93,971,58,6209,4546.58,5266.42,8706.971,6418.784285714287,7683.951,3,5,2,215466.53
2019-05-24,5156.39,1164,63,6659,4279.93,7744.1,2703.21,6049.111428571429,7765.723666666667,4,5,2,212051.38999999998
2019-05-26,1676.24,616,20,2612,5156.39,3937.95,12307.28,5726.010000000001,7411.355666666666,6,5,2,219726.94
2019-05-28,5054.26,1266,53,6632,1676.24,4553.75,7111.05,5797.51142857143,7342.796,1,5,2,224113.57
2019-05-29,5831.2,1456,55,5626,5054.26,12579.69,3237.19,4833.44142857143,7429.263000000001,2,5,2,223413.69999999998
2019-05-30,7058.76,1585,54,7860,5831.2,7289.49,9523.69,4800.480000000001,7347.098666666667,3,5,2,222985.21999999997
2019-05-31,3255.11,856,40,4771,7058.76,4546.58,8505.75,4615.984285714287,7172.077333333334,4,5,2,227170.50999999998
2019-06-02,4798.21,1506,62,8912,3255.11,4279.93,4261.3,4690.024285714287,7189.974333333333,6,6,2,224328.05000000002
2019-06-03,4717.05,1227,66,7080,4798.21,5156.39,4699.64,4627.26142857143,7190.554666666667,0,6,2,224048.94999999998
2019-06-04,6722.14,1901,83,9884,4717.05,1676.24,1291.71,5348.1042857142875,7371.569,1,6,2,223921.08000000002
2019-06-05,10748.59,2315,75,12264,6722.14,5054.26,28553.94,6161.580000000002,6778.057333333333,2,6,2,229144.53999999998
2019-06-06,7663.06,1843,88,11102,10748.59,5831.2,3580.09,6423.2742857142875,6914.156333333333,3,6,2,227074.77
2019-06-07,44471.12,1067,51,5859,7663.06,7058.76,6239.84,11767.897142857144,8188.532333333333,4,6,2,187376.16999999998
2019-06-09,3007.48,1055,38,4752,44471.12,3255.11,7272.64,11732.52142857143,8046.360333333333,6,6,2,187670.58000000002
2019-06-10,5994.97,1470,72,8045,3007.48,4798.21,4212.25,11903.487142857144,8105.784333333333,0,6,2,209117.31999999998
2019-06-11,6430.4,1584,45,7082,5994.97,4717.05,8733.38,12148.251428571431,8029.0183333333325,1,6,2,208052.51
2019-06-12,7424.28,1690,48,8910,6430.4,6722.14,15430.3,12248.557142857146,7762.151,2,6,2,211593.23
2019-06-13,5470.68,1524,82,9689,7424.28,10748.59,5951.35,11494.570000000002,7746.128666666667,3,6,2,212805.91
2019-06-14,3110.39,957,39,6648,5470.68,7663.06,8519.63,10844.188571428573,7565.8206666666665,4,6,2,213861.11000000002
2019-06-16,3435.06,1159,57,6975,3110.39,44471.12,4924.55,4981.894285714287,7516.171,6,6,2,213597.24
2019-06-17,15127.2,2015,64,9447,3435.06,3007.48,2264.46,6713.282857142859,7944.929,0,6,2,206361.99999999997
2019-06-18,6697.69,1534,63,7355,15127.2,5994.97,20897.62,6813.671428571429,7471.598,1,6,2,203830.091
2019-06-19,3588.36,1012,57,7119,6697.69,6430.4,10099.75,6407.665714285715,7254.551666666666,2,6,2,204161.71099999998
2019-06-20,6402.99,1954,74,10488,3588.36,7424.28,5266.42,6261.767142857144,7292.437333333333,3,6,2,202772.231
2019-06-21,15245.14,1035,45,6401,6402.99,5470.68,7744.1,7658.118571428572,7542.472,4,6,2,191143.58099999998
2019-06-23,2565.32,696,30,2724,15245.14,3110.39,3937.95,7580.25142857143,7496.717666666666,6,6,2,191707.791
2019-06-24,4653.83,1172,42,5140,2565.32,3435.06,4553.75,7754.361428571429,7500.053666666666,0,6,2,191420.61099999998
2019-06-25,5245.46,1033,48,6770,4653.83,15127.2,12579.69,6342.684285714286,7255.579333333332,1,6,2,202544.86099999998
2019-06-26,4902.32,1357,44,6419,5245.46,6697.69,7289.49,6086.202857142858,7176.007,2,6,2,202569.991
2019-06-27,5477.33,1613,59,9425,4902.32,3588.36,4546.58,6356.055714285715,7207.032000000001,3,6,2,203568.511
2019-06-28,3535.5,1011,41,5518,5477.33,6402.99,4279.93,5946.414285714287,7182.217666666666,4,6,2,204627.251
2019-06-30,1741.25,581,24,2508,3535.5,15245.14,5156.39,4017.287142857144,7068.379666666667,6,6,2,204165.07100000003
2019-07-01,9351.79,2190,40,9273,1741.25,2565.32,1676.24,4986.782857142859,7324.231333333333,0,7,3,203246.601
2019-07-02,9440.89,2199,67,10172,9351.79,4653.83,5054.26,5670.648571428573,7470.452333333334,1,7,3,198081.73100000003
2019-07-03,5131.33,1805,65,9253,9440.89,5245.46,5831.2,5654.344285714286,7447.123333333333,2,7,3,199342.44100000002
2019-07-04,6630.28,1938,79,10582,5131.33,4902.32,7058.76,5901.1957142857145,7432.840666666667,3,7,3,206894.681
2019-07-05,7440.4,1628,52,8108,6630.28,5477.33,3255.11,6181.634285714286,7572.350333333334,4,7,3,192507.841
2019-07-07,1955.75,809,20,2813,7440.4,3535.5,4798.21,5955.955714285715,7477.601666666667,6,7,3,192685.801
2019-07-08,4437.95,1507,49,8208,1955.75,1741.25,4717.05,6341.198571428571,7468.298333333333,0,7,3,190998.71099999995
2019-07-09,6594.2699999999995,1664,52,7312,4437.95,9351.79,6722.14,5947.267142857144,7464.035999999999,1,7,3,187444.351
2019-07-10,15972.050000000001,1601,53,8272,6594.2699999999995,9440.89,10748.59,6880.290000000001,7638.151333333333,2,7,3,179834.99099999995
2019-07-11,5593.29,1715,70,9837,15972.050000000001,5131.33,7663.06,6946.284285714287,7569.159000000001,3,7,3,178888.431
2019-07-12,4772.5199999999995,1126,41,4880,5593.29,6630.28,44471.12,6680.89,6245.872333333334,4,7,3,176387.811
2019-07-14,3301.89,1226,45,6268,4772.5199999999995,7440.4,3007.48,6089.674285714286,6255.686,6,7,3,176343.611
2019-07-15,27441.71,2228,56,10136,3301.89,1955.75,5994.97,9730.525714285715,6970.577333333334,0,7,3,152500.03100000002
2019-07-16,5365.59,1660,71,11875,27441.71,4437.95,6430.4,9863.045714285716,6935.083666666667,1,7,3,151530.241
2019-07-17,10965.0,2004,51,9593,5365.59,6594.2699999999995,7424.28,10487.435714285717,7053.107666666667,2,7,3,158961.27099999998
2019-07-18,6683.36,1553,74,10760,10965.0,15972.050000000001,5470.68,9160.480000000001,7093.530333333332,3,7,3,157796.131
2019-07-19,4165.59,1293,42,6892,6683.36,5593.29,3110.39,8956.522857142858,7128.703666666666,4,7,3,156251.161
2019-07-21,3171.19,1118,55,7168,4165.59,4772.5199999999995,3435.06,8727.76142857143,7119.907999999999,6,7,3,155818.411
2019-07-22,7891.96,1941,53,9329,3171.19,3301.89,15127.2,9383.485714285716,6878.733333333334,0,7,3,163588.731
2019-07-23,4165.781,1278,57,7608,7891.96,27441.71,6697.69,6058.353000000001,6794.336366666666,1,7,3,165522.93000000002
2019-07-24,3919.98,1254,40,7446,4165.781,5365.59,3588.36,5851.837285714287,6805.390366666667,2,7,3,165129.65000000002
2019-07-25,5013.51,1559,90,10391,3919.98,10965.0,6402.99,5001.624428571429,6759.074366666667,3,7,3,170897.10000000003
2019-07-26,3616.49,1128,60,7546,5013.51,6683.36,15245.14,4563.500142857144,6371.4527,4,7,3,170915.26
2019-07-28,3129.53,1258,37,6979,3616.49,4165.59,2565.32,4415.491571428573,6390.2597,6,7,3,172385.27000000002
2019-07-29,4366.65,1195,38,7009,3129.53,3171.19,4653.83,4586.271571428572,6380.687033333334,0,7,3,171458.02000000002
2019-07-30,16369.710000000001,1366,53,8489,4366.65,7891.96,5245.46,5797.378714285715,6751.495366666667,1,7,3,165172.0
2019-07-31,4927.45,1546,70,9451,16369.710000000001,4165.781,4902.32,5906.188571428574,6752.333033333333,2,7,3,165723.76
2019-08-01,6475.85,1837,80,12224,4927.45,3919.98,5477.33,6271.312857142859,6785.617033333333,3,8,3,165027.58
2019-08-02,4594.24,1432,51,7733,6475.85,5013.51,3535.5,6211.4171428571435,6820.908366666667,4,8,3,166175.29
2019-08-04,1279.07,533,28,3218,4594.24,3616.49,1741.25,5877.500000000001,6805.502366666667,6,8,3,170225.00000000003
2019-08-05,8433.32,1484,49,7896,1279.07,3129.53,9351.79,6635.1842857142865,6774.886700000001,0,8,3,170724.97000000003
2019-08-06,4276.0199999999995,1117,51,6766,8433.32,4366.65,9440.89,6622.237142857144,6602.724366666666,1,8,3,170668.19
2019-08-07,6392.04,1372,51,7133,4276.0199999999995,16369.710000000001,5131.33,5196.855714285715,6644.748033333334,2,8,3,189751.21000000002
2019-08-08,14182.52,1978,71,13297,6392.04,4927.45,6630.28,6519.008571428573,6896.489366666667,3,8,3,182804.42
2019-08-09,-6946.44,1122,42,6696,14182.52,6475.85,7440.4,4601.538571428573,6416.928033333333,4,8,3,193340.07
2019-08-11,2133.71,550,31,2161,-6946.44,4594.24,1955.75,4250.034285714287,6422.8600333333325,6,8,3,200731.34999999998
2019-08-12,2750.86,918,48,6368,2133.71,1279.07,4437.95,4460.290000000002,6366.6237,0,8,3,205072.37
2019-08-13,3039.91,1033,48,7315,2750.86,8433.32,6594.2699999999995,3689.802857142858,6248.145033333334,1,8,3,216404.30999999997
2019-08-14,8362.69,1657,47,10078,3039.91,4276.0199999999995,15972.050000000001,4273.612857142858,5994.4997,2,8,3,216247.68
2019-08-15,4646.73,1535,83,11514,8362.69,6392.04,5593.29,4024.2828571428586,5962.9477,3,8,3,221284.61
2019-08-16,2271.9,818,59,6654,4646.73,14182.52,4772.5199999999995,2322.7657142857156,5879.5937,4,8,3,224489.87099999998
2019-08-18,3257.69,1044,37,4919,2271.9,-6946.44,3301.89,3780.498571428572,5878.120366666667,6,8,3,227249.462
2019-08-19,3598.13,1268,60,9409,3257.69,2133.71,27441.71,3989.7014285714295,5083.334366666666,0,8,3,230463.432
2019-08-20,4395.8,1454,62,9423,3598.13,2750.86,5365.59,4224.692857142858,5051.0080333333335,1,8,3,235177.512
2019-08-21,18396.03,1856,79,11397,4395.8,3039.91,10965.0,6418.424285714286,5298.7090333333335,2,8,3,223950.832
2019-08-22,5518.22,1336,80,9212,18396.03,8362.69,6683.36,6012.071428571428,5259.871033333334,3,8,3,225453.712
2019-08-23,2620.62,928,43,7733,5518.22,4646.73,4165.59,5722.627142857144,5208.372033333334,4,8,3,226500.592
2019-08-25,2738.44,1160,36,4950,2620.62,2271.9,3171.19,5789.275714285715,5193.947033333334,6,8,3,236351.24200000003
2019-08-27,15662.279999999999,3232,28,8558,2738.44,3257.69,7891.96,7561.360000000001,5452.9577,1,8,3,230806.76200000002
2019-08-28,6099.98,1300,72,6695,15662.279999999999,3598.13,4165.781,7918.767142857143,5517.431,2,8,3,232231.792
2019-08-29,3526.7,1398,72,10791,6099.98,4395.8,3919.98,7794.610000000001,5504.321666666667,3,8,3,238558.592
2019-08-30,10780.96,2362,67,9887,3526.7,18396.03,5013.51,6706.742857142856,5696.570000000001,4,8,3,241145.192
2019-09-01,3634.65,1317,46,7426,10780.96,5518.22,3616.49,6437.661428571429,5697.175333333333,6,9,3,240828.732
2019-09-02,4599.54,1579,60,10203,3634.65,2620.62,3129.53,6720.364285714285,5746.175666666666,0,9,3,250699.49199999997
2019-09-03,3439.4,1132,55,8221,4599.54,2738.44,4366.65,6820.501428571429,5715.267333333333,1,9,3,255384.32200000001
2019-09-04,10083.69,2112,45,10278,3439.4,15662.279999999999,16369.710000000001,6023.56,5505.733333333334,2,9,3,252854.752
2019-09-05,5479.21,1768,64,10065,10083.69,6099.98,4927.45,5934.878571428571,5524.125333333333,3,9,3,256103.272
2019-09-06,5779.67,1596,68,9966,5479.21,3526.7,6475.85,6256.731428571429,5500.919333333333,4,9,3,257534.352
2019-09-08,5741.95,1977,68,11778,5779.67,10780.96,4594.24,5536.872857142857,5539.176333333334,6,9,3,256022.062
2019-09-09,5328.78,1685,80,10987,5741.95,3634.65,1279.07,5778.891428571429,5674.166666666667,0,9,3,263453.81200000003
2019-09-10,8933.29,2429,64,14180,5328.78,4599.54,8433.32,6397.998571428572,5690.832333333333,1,9,3,263699.672
2019-09-11,4219.24,1371,68,7897,8933.29,3439.4,4276.0199999999995,6509.404285714286,5688.939666666667,2,9,3,279976.57200000004
2019-09-12,25475.06,2188,92,13484,4219.24,10083.69,6392.04,8708.17142857143,6325.040333333333,3,9,3,261494.422
2019-09-13,7235.73,1474,50,10141,25475.06,5479.21,14182.52,8959.102857142858,6093.480666666667,4,9,3,258379.17200000002
2019-09-15,3589.21,1253,25,5694,7235.73,5779.67,-6946.44,8646.18,6444.669,6,9,3,259433.062
2019-09-16,9524.99,1429,79,11064,3589.21,5741.95,2133.71,9186.614285714286,6691.045,0,9,3,266874.532
2019-09-17,7091.88,1695,56,10386,9524.99,5328.78,2750.86,9438.485714285716,6835.745666666667,1,9,3,267090.18200000003
2019-09-18,14371.85,3123,84,13494,7091.88,8933.29,3039.91,10215.422857142858,7213.477,2,9,3,259940.87200000003
2019-09-19,8206.06,2739,111,18914,14371.85,4219.24,8362.69,10784.968571428572,7208.255999999999,3,9,3,272352.732
2019-09-20,9683.66,2634,71,14289,8206.06,25475.06,4646.73,8529.054285714285,7376.153666666667,4,9,3,268441.022
2019-09-22,5477.161,1937,74,12342,9683.66,7235.73,2271.9,8277.830142857141,7482.9956999999995,6,9,3,270415.331
2019-09-23,6017.281,1544,66,9765,5477.161,3589.21,3257.69,8624.697428571428,7574.9820666666665,0,9,3,291756.67
2019-09-24,6812.1,1893,84,11715,6017.281,9524.99,3598.13,8237.141714285714,7682.1144,1,9,3,290131.7800000001
2019-09-25,9109.88,2853,93,14974,6812.1,7091.88,4395.8,8525.42742857143,7839.2504,2,9,3,290275.84
2019-09-26,7169.35,2501,97,17508,9109.88,14371.85,18396.03,7496.498857142857,7465.027733333333,3,9,3,290854.92000000004
2019-09-27,7021.1,1885,70,11746,7169.35,8206.06,5518.22,7327.218857142857,7515.123733333333,4,9,3,292401.86999999994
2019-09-29,3667.5,1402,32,5301,7021.1,9683.66,2620.62,6467.767428571429,7550.0197333333335,6,9,3,297998.11
2019-09-30,12589.09,2271,53,12511,3667.5,5477.161,2738.44,7483.757285714287,7878.374733333333,0,9,3,308009.08999999997
2019-10-01,10117.8,2756,74,13797,12589.09,6017.281,15662.279999999999,8069.545714285714,7693.558733333333,1,10,4,314577.12
2019-10-02,7525.01,2411,82,16213,10117.8,6812.1,6099.98,8171.39,7741.0597333333335,2,10,4,315708.43
2019-10-03,9853.5,3147,154,18415,7525.01,9109.88,3526.7,8277.621428571429,7951.953066666667,3,10,4,319159.18
2019-10-04,13367.56,2396,80,13950,9853.5,7169.35,10780.96,9163.08,8038.173066666667,4,10,4,319811.43
2019-10-06,3318.19,1252,35,4947,13367.56,7021.1,3634.65,8634.092857142858,8027.624400000001,6,10,4,325525.65
2019-10-07,14470.3,3197,95,15597,3318.19,3667.5,4599.54,10177.35,8356.649733333334,0,10,4,326202.89999999997
2019-10-08,8124.23,2458,78,15817,14470.3,12589.09,3439.4,9539.512857142856,8512.810733333334,1,10,4,331192.42999999993
2019-10-09,7554.12,2179,78,12364,8124.23,10117.8,10083.69,9173.272857142856,8428.491733333334,2,10,4,340286.94
2019-10-10,8727.73,2322,79,12482,7554.12,7525.01,5479.21,9345.09,8536.775733333334,3,10,4,343313.72
2019-10-11,7210.75,1795,63,11309,8727.73,9853.5,5779.67,8967.554285714285,8584.4784,4,10,4,348055.02999999997
2019-10-13,4229.66,1228,32,5954,7210.75,13367.56,5741.95,7662.139999999999,8534.068733333334,6,10,4,354054.56
2019-10-14,12760.53,2919,87,15603,4229.66,3318.19,5328.78,9011.045714285714,8781.793733333332,0,10,4,350618.91000000003
2019-10-15,9179.15,2891,79,16322,12760.53,14470.3,8933.29,8255.167142857143,8789.989066666667,1,10,4,354373.96
2019-10-16,20496.14,2278,87,12559,9179.15,8124.23,4219.24,10022.582857142857,9332.552399999999,2,10,4,350273.2700000001
2019-10-17,6992.91,2302,89,15068,20496.14,7554.12,25475.06,9942.41,8716.480733333334,3,10,4,356716.64999999997
2019-10-18,4120.4800000000005,1397,59,10013,6992.91,8727.73,7235.73,9284.23142857143,8612.639066666667,4,10,4,366979.89
2019-10-20,4643.1,1678,40,5912,4120.4800000000005,7210.75,3589.21,8917.424285714285,8647.768733333334,6,10,4,368588.67
2019-10-21,16966.46,2953,84,13011,4643.1,4229.66,9524.99,10736.967142857142,8895.817733333333,0,10,4,365360.69
2019-10-22,7307.53,2471,69,15226,16966.46,12760.53,7091.88,9957.967142857144,8903.006066666667,1,10,4,376680.8199999999
2019-10-23,7222.54,1887,83,9973,7307.53,9179.15,14371.85,9678.451428571429,8664.695733333334,2,10,4,385155.5699999999
2019-10-24,20617.920000000002,2514,113,15318,7222.54,20496.14,8206.06,9695.848571428573,9078.4244,3,10,4,374815.6399999999
2019-10-25,5771.95,1620,67,9738,20617.920000000002,6992.91,9683.66,9521.425714285713,8948.034066666667,4,10,4,379320.00999999995
2019-10-27,7451.47,2856,88,14468,5771.95,4120.4800000000005,5477.161,9997.281428571428,9013.844366666666,6,10,4,377353.62999999995
2019-10-28,27358.62,3408,64,14954,7451.47,4643.1,6017.281,13242.355714285713,9725.222333333333,0,10,4,407114.76999999996
2019-10-29,5187.21,1767,88,9920,27358.62,16966.46,6812.1,11559.605714285715,9671.059333333335,1,10,4,412154.52999999997
2019-10-30,9253.94,2607,87,13322,5187.21,7307.53,9109.88,11837.664285714285,9675.861333333334,2,10,4,411870.43999999994
2019-10-31,7748.43,2386,95,13683,9253.94,7222.54,7169.35,11912.79142857143,9695.164,3,10,4,425848.38999999996
2019-11-01,8568.05,2939,105,17284,7748.43,20617.920000000002,7021.1,10191.381428571429,9746.729,4,11,4,426496.55999999994
